USER_ID,HASH_PASSWORD,PASSWORD
anakin_skywalker,c706f83a7b17a0230e55cde2f3de94fa,not found
artoo_detoo,fac6aada8b7afc418b3afea63b7577b4,not found
ben_kenobi,4fb77d816bce7aeee80d7c2e5e55c859 ,not found
boba_fett,d60f9a4859da4feadaf160e97d200dc9,not found
chewbacca ,e7200536327ee731c7fe136af4575ed8 ,not found
c_three_pio,0fd2eb40c4aa690171ba066c037397ee,pr0t0c0l
darth_vader ,b73a851f8ecff7acafbaa4a806aea3e0,not found
greedo ,ce269c6b7d9e2f1522b44686b49082db ,not found
han_solo ,33ed98c5969d05a7c15c25c99e3ef951,not found
IEUser,d74b7de08bd26576df504ffc0e28fc12,not found
jabba_hutt,93ec4eaa63d63565f37fe7f28d99ce76,not found
jarjar_binks ,ec1dcd52077e75aef4a1930b0917c4d4,not found
kylo_ren ,74c0a3dd06613d3240331e94ae18b001,not found
lando_calrissian ,62708455898f2d7db11cfb670042a53f ,not found
leah_organa,8ae6a810ce203621cf9cfa6f21f14028 ,not found
luke_skywalker    ,481e6150bde6998ed22b0e9bac82005a,not found
 SkipKiddie ,179a5f848f16414d03aea72d90eac696,not found
administrator,31d6cfe0d16ae931b73c59d7e0c089c0,
guest ,31d6cfe0d16ae931b73c59d7e0c089c0,
ieuser ,d74b7de08bd26576df504ffc0e28fc12 ,not found
skipkiddie  ,179a5f848f16414d03aea72d90eac696,WhoopWhoop
administrator,,
guest ,,
c_three_pio,,pr0t0c0l
skipkiddie  ,,WhoopWhoop
skipkiddie  ,,WhoopWhoop
skip ,,whoopwhoop
leah_organa,,help_me_obiw@n
luke_skywalker    ,,use_the_f0rce
kylo_ren ,,daddy_issues1
boss,,isadick